date,sha,text,data,bss,total
2022-01-10 23:04:44.309131,c53927869b2ce15345c6c1751164ca6e4aa47c02,1394,520,8,1922
2022-01-10 23:10:04.748906,3aab209ca2654013356ba96cd1480ec4b0b76010,1394,520,8,1922
2022-01-11 09:32:16.986632,b252173284b23744a78d9a599106e75297b9ff81,1394,520,8,1922
2022-01-11 14:59:16.261895,e2eed0b46142015e972cfd301d0e514eb0cf131e,1394,520,8,1922
2022-01-11 15:03:24.298672,e2eed0b46142015e972cfd301d0e514eb0cf131e,1394,520,8,1922
2022-01-31 18:28:47.436516,746f880a405aeca2db6d005fd9fb8e451f3cea34,1433,568,8,2009
2022-02-04 13:02:56.187989,6588458690c5cddc9148ae63bde8beef70055d47,1433,568,8,2009
2022-02-07 13:10:21.497565,9cd34d1753fd49f374d1a076f6284179f301b338,1433,568,8,2009
2022-02-11 13:04:50.531123,6f8fb4934a1693a1661629534ed4b9f62cb50da3,1433,568,8,2009
2022-02-14 13:10:36.573550,041371735a655b24c5e9447422e2115a672ab0a6,1433,568,8,2009
2022-02-16 13:09:29.771280,9efa395baa7d85db5807202b3420550300d9297d,1433,568,8,2009
2022-02-18 13:05:31.023686,c9b21d3a39842c32bb1f075ddbf3599d3c6b5c3f,1433,568,8,2009
2022-02-28 13:08:45.304161,1a0287fc5fa81fa6aa1dcfb0c5b2e01f74164393,1433,568,8,2009
2022-03-01 13:09:24.718558,f3c22690fc34183e8f1c068ce8a8d98b5b729cc8,1433,568,8,2009
2022-03-04 13:07:15.732929,e8df576b38990f852396c0bc91db26ddcccddc3a,1433,568,8,2009
2022-03-07 13:12:18.397213,d7f89e4167e69d219725520e56f1123aa095753d,1433,568,8,2009
2022-03-08 13:12:14.032618,cd15c14017bcb33d1ed55ee27c5fab63eef74ad6,1433,568,8,2009
2022-03-09 13:11:42.347889,63df59cb461fdec28cc4377cf83097217aeb5b2c,1433,568,8,2009
2022-03-10 13:12:39.360738,180694427a7c92530083514bdd0a36a9b7a3f24c,1433,568,8,2009
2022-03-14 13:11:31.163719,0b6c93a99f4a79ad8c29ac306da1ac8307a3281e,1433,568,8,2009
2022-03-15 13:12:17.005930,7cb4b832abdf33490154d8cf7afe0625b133b3e9,1433,568,8,2009
2022-03-16 13:12:13.875189,afd41a759acc425654fb71ce697c03656ac11be9,1433,568,8,2009
2022-03-17 13:08:07.891376,359c83a84fed0cb164774ff36798e52d2004eec8,1433,568,8,2009
2022-03-18 13:12:04.777824,89a783b8d5d6788527f6cba296a5862072a3831a,1433,568,8,2009
2022-03-21 13:12:30.543076,ea94f768500540d816a81d93cb1d1c868dbdfadd,1433,568,8,2009
2022-03-23 13:13:22.876874,e0d6c42f5c410f8e1a2aba8ddd0f74c664f68a4f,1433,568,8,2009
2022-03-25 13:23:49.881217,af1e85e691e9077529644056a62e569a30f03df6,1433,568,8,2009
2022-03-28 13:13:58.898980,5d514fc8d751547b3ee4e595331c7e6f24e2fdb3,1433,568,8,2009
2022-03-29 13:14:12.002745,1a0c74232ef6ec6f513e9026e3c47e46089ccb88,1433,568,8,2009
2022-03-30 13:09:22.501165,23ba60887693bbc64a60e6b13d9b1aca44b6d06c,1433,568,8,2009
2022-03-31 13:15:21.304715,c532687e2d238f1f18be0a776f216ede476263f4,1433,568,8,2009
2022-04-01 13:18:33.288778,2225fc7d5dad0f22e25fcf21c1a1f9f1a2c143fe,1433,568,8,2009
2022-04-04 13:13:19.092000,b92f00f8dee2ff51209d82a29f67cc18f625a12f,1433,568,8,2009
2022-04-05 13:13:27.878391,d6eb8ce1a5cb4faafda2db153a0f2661a9a2871a,1433,568,8,2009
2022-04-06 13:16:18.362975,b0fd265b9b808db0c3bf51b6cd1d6e94ecf903cb,1433,568,8,2009
2022-04-07 13:14:16.648236,1501b574b74fd7877aba30aa9d8b667f41b139c3,1433,568,8,2009
2022-04-10 13:07:08.371449,a56087ffa2703b4d5632f024a8a4c899815c31bb,1433,568,8,2009
2022-04-11 13:15:47.681219,f3a194bf6af9022300845d51e1d7faec76b2dce2,1433,568,8,2009
2022-04-12 13:16:28.344431,79fa421f21e16791a1354ba7b2b7022300309e54,1433,568,8,2009
2022-04-13 13:15:24.742545,9676529ecd3ed139395953d7b4110dd08a0b696c,1433,568,8,2009
2022-04-14 13:16:39.708327,d1a2e3db4683ce3bd1e6db9012214a7cdc254ecf,1433,568,8,2009
2022-04-15 13:08:22.417975,0875b72ea245ad092bdf7212940d1d885cadb535,1433,568,8,2009
2022-04-16 13:07:45.912488,77f45ff83abffe0ef658999302d63cbb47672456,1433,568,8,2009
2022-04-17 13:07:39.908345,4969e4766af6a3a9b1c0e6e0994484156de57d41,1433,568,8,2009
2022-04-18 13:10:19.534674,cb3ca81536d6886c0d6aeea3c158ba2e549050e7,1433,568,8,2009
2022-04-19 13:20:36.048149,78bb847ed8fe1451b016948169198d787749e8f4,1433,568,8,2009
2022-04-20 13:15:02.022220,863ab9a3f588f7e9f38ed078778f32a3a2658181,1433,568,8,2009
2022-04-21 13:13:26.364513,842768675cbfd256b7be36fb415df4f8a6439f6a,1433,568,8,2009
2022-04-22 13:20:00.011409,a94415963814abfb46d2c1533a6d9f48c1059a2a,1433,568,8,2009
2022-04-25 13:18:30.533687,448828bd9cab0df892bfb103b98b7725d12d15ae,1433,568,8,2009
2022-04-26 13:20:11.283534,1bdc373d4dfa1ec0a7275c5cd5e5138fffd0bb3f,1433,568,8,2009
2022-04-27 13:18:30.924296,abe4c247d118dd1df16dd52ee784b925129dc38c,1433,568,8,2009
2022-04-28 13:20:36.843062,a2e4fe943a1f594df9dbf41cd6940ddd17fca4aa,1433,568,8,2009
2022-04-29 13:19:20.420802,33362da8ac2b661705c6e3582440ec325059b941,1433,568,8,2009
2022-05-02 13:17:46.865473,10b1223343303b45e6f62a433e25efb5f87958d7,1433,568,8,2009
2022-05-03 13:17:51.546660,9c279d09de74e0c6b3cb3d215107617767f3a5dc,1433,568,8,2009
2022-05-05 13:17:34.083422,d135616c5c594f9b2046ae27a49955a497ee46de,1433,568,8,2009
2022-05-06 13:13:46.156142,d0f135272d0c49dbdd879630be80445fe3617bda,1433,568,8,2009
2022-05-09 13:14:33.299290,500cf89de4133c08b7099c668887d390bf315fc7,1433,568,8,2009
2022-05-10 13:18:26.793451,ad60ac4822c4006dc97001abf31881f046b113ea,1433,568,8,2009
2022-05-11 13:16:04.045831,02f0d05f5f84ee5eb27b9a312470cb02d48f7c1a,1433,568,8,2009
2022-05-13 13:23:16.868101,e211ce56c936eeb5d3d02f95c37de892a60c84e3,1433,568,8,2009
2022-05-17 13:14:28.837618,60b78ee5fd9be43c72c8a5f665ec0526f6e75cb2,1433,568,8,2009
2022-05-24 13:15:50.940698,07821fd35e8aaca66855fa07b402325be3b70398,1433,568,8,2009
2022-05-25 13:15:46.804226,02715237c1fc0a23f465226364d206277f54ebce,1433,568,8,2009
2022-05-26 02:21:37.044418,ca1d69993f612433e9f4f788e494389d9e7378c1,1433,568,8,2009
2022-05-26 02:27:44.332608,ca1d69993f612433e9f4f788e494389d9e7378c1,1433,568,8,2009
2022-05-26 13:14:45.192989,ca1d69993f612433e9f4f788e494389d9e7378c1,1433,568,8,2009
2022-05-27 13:15:25.001568,ca1d69993f612433e9f4f788e494389d9e7378c1,1433,568,8,2009
2022-05-28 13:09:48.335406,7d48cbd96c7fc657b5aa0b39a6e9a238b82d2ee7,1433,568,8,2009
2022-05-29 13:10:11.693685,7d48cbd96c7fc657b5aa0b39a6e9a238b82d2ee7,1433,568,8,2009
2022-05-30 13:16:31.114763,7d48cbd96c7fc657b5aa0b39a6e9a238b82d2ee7,1433,568,8,2009
2022-05-31 13:15:46.949781,7d48cbd96c7fc657b5aa0b39a6e9a238b82d2ee7,1433,568,8,2009
2022-06-01 13:17:52.489317,8a1cbc99e8905c83d66530d2fa340668d602ed01,1433,568,8,2009
2022-06-02 13:17:59.560301,8a1cbc99e8905c83d66530d2fa340668d602ed01,1433,568,8,2009
2022-06-03 13:13:34.986864,40800f770d5bbba64e100636bc1f1bed4f0dfa65,1433,568,8,2009
2022-06-04 13:07:02.676520,90d62ab628a256fd37d810173e81533e6d51d94b,1433,568,8,2009
2022-06-05 13:07:32.407047,90d62ab628a256fd37d810173e81533e6d51d94b,1433,568,8,2009
2022-06-06 13:15:16.843072,90d62ab628a256fd37d810173e81533e6d51d94b,1433,568,8,2009
2022-06-07 13:14:46.669671,da99cf182c442d5fa0cabf25abaf93b4d9b64841,1433,568,8,2009
2022-06-08 13:14:15.621051,87fb33bed5fb5297d3944abf67dfb3f85b657dd1,1433,568,8,2009
2022-06-09 13:15:36.793081,6ab99123f450dcb15e80df7b42601ad6f160f3ec,1433,568,8,2009
2022-06-10 13:14:27.899214,6ab99123f450dcb15e80df7b42601ad6f160f3ec,1433,568,8,2009
2022-06-11 13:08:12.904238,f868a900f1f788fd0a55b5655b47fc352f9a0239,1433,568,8,2009
2022-06-12 13:07:16.873457,f868a900f1f788fd0a55b5655b47fc352f9a0239,1433,568,8,2009
2022-06-13 13:15:26.057174,f868a900f1f788fd0a55b5655b47fc352f9a0239,1433,568,8,2009
2022-06-14 13:13:25.326829,f868a900f1f788fd0a55b5655b47fc352f9a0239,1433,568,8,2009
2022-06-15 13:14:54.247504,419a97eb9c9f221612958e5e38c1da18eaffc5c8,1433,568,8,2009
2022-06-16 13:14:49.297537,419a97eb9c9f221612958e5e38c1da18eaffc5c8,1433,568,8,2009
2022-06-17 13:12:32.442612,71f0890c5ca492ed1f6a70c9dd706337946118ba,1433,568,8,2009
2022-06-18 13:07:50.007678,b4b0c56be11a184a450c74c218bbb0b9d4661816,1433,568,8,2009
2022-06-19 13:07:54.468692,b4b0c56be11a184a450c74c218bbb0b9d4661816,1433,568,8,2009
2022-06-20 13:16:23.026891,b4b0c56be11a184a450c74c218bbb0b9d4661816,1433,568,8,2009
2022-06-21 13:15:22.273609,b4b0c56be11a184a450c74c218bbb0b9d4661816,1433,568,8,2009
2022-06-22 13:16:06.418327,17b795d4233844144624df04c11ca1d967e81033,1433,568,8,2009
2022-06-23 13:15:58.355680,50d9ef45ba8d578022042f9ebe743c7f078c8e31,1433,568,8,2009
2022-06-24 13:16:49.200071,50d9ef45ba8d578022042f9ebe743c7f078c8e31,1433,568,8,2009
2022-06-25 13:08:05.764523,22baefb111aad28f8e96c841d2ad92efae7b7020,1433,568,8,2009
2022-06-26 13:09:27.213583,22baefb111aad28f8e96c841d2ad92efae7b7020,1433,568,8,2009
2022-06-27 13:17:00.407485,22baefb111aad28f8e96c841d2ad92efae7b7020,1433,568,8,2009
2022-06-28 13:16:17.652434,0cf80309bb3e878f59d476d3f93e0d15a1fb4299,1433,568,8,2009
2022-06-29 13:15:44.709386,7213fd760cbcbd03de0ee8247e1295f303e9d4e8,1433,568,8,2009
2022-06-30 13:16:11.745632,c2d5c25436f0cc346aa39ee55ce9ad811b817361,1433,568,8,2009
2022-07-01 13:15:30.025535,60d83223d39fa8660287766edb4533a292f59eb8,1433,568,8,2009
2022-07-02 13:08:17.573153,60d83223d39fa8660287766edb4533a292f59eb8,1433,568,8,2009
2022-07-03 13:08:03.203879,60d83223d39fa8660287766edb4533a292f59eb8,1433,568,8,2009
2022-07-04 13:14:54.468972,60d83223d39fa8660287766edb4533a292f59eb8,1433,568,8,2009
2022-07-05 13:21:10.831429,60d83223d39fa8660287766edb4533a292f59eb8,1433,568,8,2009
2022-07-06 13:17:27.988355,60d83223d39fa8660287766edb4533a292f59eb8,1433,568,8,2009
2022-07-07 13:17:12.272305,547f8aeab1b499db914f63aa16827d4d8e9a97e4,1433,568,8,2009
2022-07-08 13:15:12.746275,86abc0af9887fbab9b8bd44347dbdfe8a353a759,1433,568,8,2009
2022-07-09 13:09:00.267911,24c08505dfd2a97b343220bd1c4006f881061ea6,1433,568,8,2009
2022-07-10 13:08:16.738043,24c08505dfd2a97b343220bd1c4006f881061ea6,1433,568,8,2009
2022-07-11 13:17:59.341127,24c08505dfd2a97b343220bd1c4006f881061ea6,1433,568,8,2009
2022-07-12 13:15:50.488955,1cdb480a7df8f489c35636f4e69fc28f02c7cb72,1433,568,8,2009
2022-07-13 13:15:53.100941,0e825b99b34596907f53e1fa245028576414cfd0,1433,568,8,2009
2022-07-14 13:15:35.665349,0e825b99b34596907f53e1fa245028576414cfd0,1433,568,8,2009
